-- ============================================================
-- SAMPLE DATA FOR ALL TABLES
-- Comprehensive seed data including all extended fields
-- ============================================================

-- Clear existing sample data (optional - comment out if you want to keep existing data)
-- TRUNCATE TABLE deal_line_items, deals, quotes, quote_line_items, leads,
--   contacts, accounts, tasks, calendar_events, emails CASCADE;

-- ============================================================
-- 1. USERS (Sales Reps)
-- ============================================================
INSERT INTO users (id, name, email, role_id, is_active, password_hash)
VALUES
  ('11111111-1111-1111-1111-111111111111', 'John Smith', 'john.smith@comprint.com', 'sales_rep', true, '$2b$12$dummy'),
  ('22222222-2222-2222-2222-222222222222', 'Sarah Johnson', 'sarah.johnson@comprint.com', 'sales_rep', true, '$2b$12$dummy'),
  ('33333333-3333-3333-3333-333333333333', 'Michael Chen', 'michael.chen@comprint.com', 'sales_manager', true, '$2b$12$dummy')
ON CONFLICT (id) DO NOTHING;

-- ============================================================
-- 2. PARTNERS
-- ============================================================
INSERT INTO partners (id, name, type, email, phone, website, status)
VALUES
  ('aaaaaaaa-aaaa-aaaa-aaaa-aaaaaaaaaaaa', 'TechVendor Solutions', 'Channel Partner', 'contact@techvendor.com', '+1-555-0101', 'www.techvendor.com', 'active'),
  ('bbbbbbbb-bbbb-bbbb-bbbb-bbbbbbbbbbbb', 'Global Distributors Inc', 'Distributor', 'sales@globaldist.com', '+1-555-0102', 'www.globaldist.com', 'active')
ON CONFLICT (id) DO NOTHING;

-- ============================================================
-- 3. ACCOUNTS (with all extended fields)
-- ============================================================
INSERT INTO accounts (
  id, name, industry, website, revenue, employees, location, type, status,
  phone, email, health_score, description, owner_id,
  gstin_no, payment_terms, account_image, group_name, parent_account_id,
  endcustomer_category, products_selling_to_them, products_they_sell,
  pan_no, partner_id, lead_category, new_leads,
  references_doc, bank_statement_doc,
  contact_name, contact_email, contact_phone, contact_designation, contact_designation_other,
  billing_street, billing_city, billing_state, billing_code, billing_country,
  shipping_street, shipping_city, shipping_state, shipping_code, shipping_country
)
VALUES
  (
    'a1111111-1111-1111-1111-111111111111',
    'Acme Corporation',
    'Technology',
    'www.acmecorp.com',
    5000000.00,
    250,
    'San Francisco, CA',
    'Enterprise',
    'active',
    '+1-415-555-0001',
    'contact@acmecorp.com',
    85,
    'Leading enterprise software company specializing in cloud solutions',
    '11111111-1111-1111-1111-111111111111',
    '29ABCDE1234F1Z5',
    'Net 30',
    'https://via.placeholder.com/150',
    'Enterprise Tech Group',
    NULL,
    'Direct Customer',
    'Cloud Services, Security Solutions',
    'Enterprise Software, SaaS Platforms',
    'ABCDE1234F',
    'aaaaaaaa-aaaa-aaaa-aaaa-aaaaaaaaaaaa',
    'Hot',
    5,
    'ref_doc_acme.pdf',
    'bank_stmt_acme.pdf',
    'Robert Williams',
    'robert.williams@acmecorp.com',
    '+1-415-555-0002',
    'CTO',
    NULL,
    '123 Market Street, Suite 500',
    'San Francisco',
    'California',
    '94102',
    'USA',
    '123 Market Street, Suite 500',
    'San Francisco',
    'California',
    '94102',
    'USA'
  ),
  (
    'a2222222-2222-2222-2222-222222222222',
    'Global Manufacturing Ltd',
    'Manufacturing',
    'www.globalmanuf.com',
    12000000.00,
    500,
    'Chicago, IL',
    'Enterprise',
    'active',
    '+1-312-555-0001',
    'info@globalmanuf.com',
    92,
    'Industrial manufacturing company with focus on automation',
    '22222222-2222-2222-2222-222222222222',
    '29XYZAB5678G2H1',
    'Net 45',
    'https://via.placeholder.com/150',
    'Manufacturing Group',
    NULL,
    'Channel Partner',
    'IoT Devices, Networking Equipment',
    'Industrial Machinery, Automation Systems',
    'XYZAB5678G',
    'bbbbbbbb-bbbb-bbbb-bbbb-bbbbbbbbbbbb',
    'Warm',
    3,
    'ref_doc_global.pdf',
    'bank_stmt_global.pdf',
    'Jennifer Davis',
    'jennifer.davis@globalmanuf.com',
    '+1-312-555-0002',
    'VP Operations',
    NULL,
    '456 Industrial Parkway',
    'Chicago',
    'Illinois',
    '60601',
    'USA',
    '789 Warehouse District',
    'Chicago',
    'Illinois',
    '60602',
    'USA'
  ),
  (
    'a3333333-3333-3333-3333-333333333333',
    'Retail Innovations Inc',
    'Retail',
    'www.retailinnov.com',
    3500000.00,
    150,
    'Austin, TX',
    'Mid-Market',
    'active',
    '+1-512-555-0001',
    'sales@retailinnov.com',
    78,
    'Retail technology solutions provider',
    '33333333-3333-3333-3333-333333333333',
    '29PQRST9012K3L4',
    'Net 30',
    'https://via.placeholder.com/150',
    'Retail Tech Group',
    NULL,
    'Reseller',
    'POS Systems, Payment Gateways',
    'Retail Software, E-commerce Platforms',
    'PQRST9012K',
    NULL,
    'Cold',
    8,
    'ref_doc_retail.pdf',
    'bank_stmt_retail.pdf',
    'David Martinez',
    'david.martinez@retailinnov.com',
    '+1-512-555-0002',
    'Director of IT',
    NULL,
    '789 Tech Boulevard',
    'Austin',
    'Texas',
    '78701',
    'USA',
    '789 Tech Boulevard',
    'Austin',
    'Texas',
    '78701',
    'USA'
  )
ON CONFLICT (id) DO NOTHING;

-- ============================================================
-- 4. CONTACTS (with all extended fields)
-- ============================================================
INSERT INTO contacts (
  id, first_name, last_name, email, phone, title, department, account_id, owner_id,
  image, description, contact_group, ctsipl_email, pan, gstin_no,
  product_interested, product_interested_text, lead_source, lead_category,
  designation, vendor_name, partner_id, new_leads,
  bandwidth_required, product_configuration, product_details, rental_duration,
  product_name_part_number, specifications,
  mailing_street, mailing_city, mailing_state, mailing_zip, mailing_country,
  other_street, other_city, other_state, other_zip, other_country
)
VALUES
  (
    'c1111111-1111-1111-1111-111111111111',
    'Robert',
    'Williams',
    'robert.williams@acmecorp.com',
    '+1-415-555-0002',
    'Chief Technology Officer',
    'Technology',
    'a1111111-1111-1111-1111-111111111111',
    '11111111-1111-1111-1111-111111111111',
    'https://via.placeholder.com/100',
    'Senior decision maker for technology purchases',
    'C-Suite',
    'robert.w@ctsipl.com',
    'ABCDE1234F',
    '29ABCDE1234F1Z5',
    'Cloud Infrastructure',
    'Looking for scalable cloud solutions with 99.99% uptime',
    'Website',
    'Hot',
    'CTO',
    NULL,
    'aaaaaaaa-aaaa-aaaa-aaaa-aaaaaaaaaaaa',
    false,
    '1 Gbps',
    'High Availability, Multi-Region',
    'Enterprise cloud setup with redundancy',
    '36 months',
    'Cloud Server XE-2000',
    'CPU: 32 cores, RAM: 128GB, Storage: 2TB NVMe',
    '123 Market Street, Suite 500',
    'San Francisco',
    'California',
    '94102',
    'USA',
    '456 Home Avenue',
    'San Francisco',
    'California',
    '94103',
    'USA'
  ),
  (
    'c2222222-2222-2222-2222-222222222222',
    'Jennifer',
    'Davis',
    'jennifer.davis@globalmanuf.com',
    '+1-312-555-0002',
    'VP Operations',
    'Operations',
    'a2222222-2222-2222-2222-222222222222',
    '22222222-2222-2222-2222-222222222222',
    'https://via.placeholder.com/100',
    'Operations leader managing facility automation',
    'Management',
    'jennifer.d@ctsipl.com',
    'XYZAB5678G',
    '29XYZAB5678G2H1',
    'IoT Sensors',
    'Need industrial IoT sensors for manufacturing floor',
    'Referral',
    'Warm',
    'VP Operations',
    'TechVendor Solutions',
    'bbbbbbbb-bbbb-bbbb-bbbb-bbbbbbbbbbbb',
    true,
    '500 Mbps',
    'Industrial IoT Gateway with edge computing',
    'Sensor network across 5 manufacturing zones',
    '12 months',
    'IoT Gateway IG-5000, Sensors IS-200',
    '100 sensors, 5 gateways, cloud connectivity',
    '456 Industrial Parkway',
    'Chicago',
    'Illinois',
    '60601',
    'USA',
    '789 Lake Shore Drive',
    'Chicago',
    'Illinois',
    '60611',
    'USA'
  ),
  (
    'c3333333-3333-3333-3333-333333333333',
    'David',
    'Martinez',
    'david.martinez@retailinnov.com',
    '+1-512-555-0002',
    'Director of IT',
    'Information Technology',
    'a3333333-3333-3333-3333-333333333333',
    '33333333-3333-3333-3333-333333333333',
    'https://via.placeholder.com/100',
    'IT director handling retail technology integration',
    'Technical',
    'david.m@ctsipl.com',
    'PQRST9012K',
    '29PQRST9012K3L4',
    'POS Systems',
    'Upgrading point of sale systems across 50 retail locations',
    'Trade Show',
    'Cold',
    'Director IT',
    NULL,
    NULL,
    false,
    '200 Mbps',
    'Cloud POS with local backup',
    'POS terminals with inventory integration',
    'Purchase',
    'POS Terminal PT-300',
    '50 units, touchscreen, receipt printer, barcode scanner',
    '789 Tech Boulevard',
    'Austin',
    'Texas',
    '78701',
    'USA',
    '123 River Road',
    'Austin',
    'Texas',
    '78702',
    'USA'
  )
ON CONFLICT (id) DO NOTHING;

-- ============================================================
-- 5. LEADS (with all extended fields)
-- ============================================================
INSERT INTO leads (
  id, company_name, contact_person, email, phone, source, stage, priority,
  estimated_value, product_interest, assigned_to, partner_id, notes,
  expected_close_date, next_follow_up,
  first_name, last_name, mobile, mobile_alternate, phone_alternate,
  campaign_source, website, account_type, lead_category,
  product_list, type_of_order, billing_delivery_date, order_product_details,
  payment, po_number_or_mail_confirmation, brand, orc_amount, product_warranty,
  ship_by, special_instruction, third_party_delivery_address, billing_company,
  enter_product_details, rental_duration, product_configuration, bandwidth_required,
  product_name_and_part_number, specifications, form_name,
  billing_street, billing_city, billing_state, billing_country, billing_zip_code,
  description, lead_time, product_name, receiver_mobile_number, subject,
  sender_landline_no, sender_landline_no_alt, call_duration, lead_type,
  query_id, mcat_name, lead_image
)
VALUES
  (
    'l1111111-1111-1111-1111-111111111111',
    'Future Tech Systems',
    'Alice Cooper',
    'alice.cooper@futuretech.com',
    '+1-408-555-0001',
    'Website',
    'Qualified',
    'High',
    150000.00,
    'Network Infrastructure',
    '11111111-1111-1111-1111-111111111111',
    NULL,
    'Hot lead - ready to purchase in Q1',
    '2026-03-15',
    '2026-02-15',
    'Alice',
    'Cooper',
    '+1-408-555-0002',
    '+1-408-555-0003',
    '+1-408-555-0004',
    'Google Ads Campaign',
    'www.futuretech.com',
    'Enterprise',
    'Hot',
    'Network Switches, Routers, Firewalls',
    'New Installation',
    '2026-03-20',
    '24-port managed switches (10), enterprise routers (5), next-gen firewall (2)',
    'Wire Transfer',
    'PO-2026-FT-001',
    'Cisco',
    25000.00,
    '5 years comprehensive',
    'FedEx Priority',
    'Install during weekend to minimize disruption',
    NULL,
    'Future Tech Systems - Finance Dept',
    'Complete network refresh for headquarters',
    'Purchase',
    'L3 switching with redundancy',
    '10 Gbps backbone',
    'Cisco Catalyst 9300, ASR 1001-X, Firepower 2100',
    '24 ports, 10G uplinks, stackable, PoE+',
    'Network Infrastructure Quote',
    '100 Silicon Valley Blvd',
    'San Jose',
    'California',
    'USA',
    '95110',
    'Complete network infrastructure upgrade for growing tech company',
    '4-6 weeks',
    'Network Infrastructure Bundle',
    '+1-408-555-0005',
    'Network Infrastructure Upgrade - Quote Request',
    '+1-408-555-0001',
    '+1-408-555-0006',
    '45 minutes',
    'Inbound',
    'QID-2026-001',
    'Networking Equipment',
    'https://via.placeholder.com/200'
  ),
  (
    'l2222222-2222-2222-2222-222222222222',
    'Smart Retail Solutions',
    'Bob Taylor',
    'bob.taylor@smartretail.com',
    '+1-214-555-0001',
    'Referral',
    'New',
    'Medium',
    75000.00,
    'Cloud Services',
    '22222222-2222-2222-2222-222222222222',
    'aaaaaaaa-aaaa-aaaa-aaaa-aaaaaaaaaaaa',
    'Referral from existing customer - needs cloud hosting',
    '2026-04-30',
    '2026-02-20',
    'Bob',
    'Taylor',
    '+1-214-555-0002',
    '+1-214-555-0003',
    NULL,
    'Partner Referral Program',
    'www.smartretail.com',
    'Mid-Market',
    'Warm',
    'Cloud Servers, Storage, CDN',
    'Cloud Migration',
    '2026-04-15',
    'Migrate existing infrastructure to cloud with 10TB storage',
    'Monthly Subscription',
    'Email confirmation received',
    'AWS/Azure Hybrid',
    15000.00,
    '99.9% SLA',
    'Digital Delivery',
    'Migration should be phased over 3 weekends',
    NULL,
    'Smart Retail Solutions',
    'Cloud hosting with content delivery network',
    '24 months rental',
    'Multi-region deployment',
    '1 Gbps dedicated',
    'Cloud VMs, Object Storage, CDN endpoints',
    '8 vCPU, 32GB RAM, 10TB storage, global CDN',
    'Cloud Migration Proposal',
    '500 Retail Plaza',
    'Dallas',
    'Texas',
    'USA',
    '75201',
    'Moving from on-premise to cloud infrastructure',
    '8-10 weeks',
    'Cloud Infrastructure Package',
    '+1-214-555-0004',
    'Cloud Migration Discussion',
    '+1-214-555-0001',
    NULL,
    '30 minutes',
    'Outbound',
    'QID-2026-002',
    'Cloud Services',
    'https://via.placeholder.com/200'
  ),
  (
    'l3333333-3333-3333-3333-333333333333',
    'Healthcare Innovations',
    'Carol White',
    'carol.white@healthinnov.com',
    '+1-617-555-0001',
    'Trade Show',
    'Contacted',
    'Low',
    45000.00,
    'Security Systems',
    '33333333-3333-3333-3333-333333333333',
    NULL,
    'Met at healthcare IT conference - interested in security',
    '2026-05-30',
    '2026-03-01',
    'Carol',
    'White',
    '+1-617-555-0002',
    NULL,
    '+1-617-555-0003',
    'HealthTech Expo 2026',
    'www.healthinnov.com',
    'SMB',
    'Cold',
    'Firewalls, VPN, Endpoint Security',
    'Security Upgrade',
    '2026-05-20',
    'Enterprise firewall and endpoint protection for 200 users',
    'Credit Terms Net 60',
    NULL,
    'Fortinet',
    5000.00,
    '3 years hardware replacement',
    'Ground Shipping',
    'HIPAA compliance required for all equipment',
    NULL,
    'Healthcare Innovations',
    'HIPAA-compliant security infrastructure',
    'Purchase',
    'Zero-trust architecture',
    '500 Mbps',
    'Fortinet FortiGate 100F, FortiClient EMS',
    'Throughput 10 Gbps, 200 VPN users, IPS/IDS',
    'Healthcare Security Quote',
    '25 Medical Center Drive',
    'Boston',
    'Massachusetts',
    'USA',
    '02115',
    'Healthcare facility needs HIPAA-compliant security upgrade',
    '6-8 weeks',
    'Healthcare Security Bundle',
    '+1-617-555-0004',
    'Healthcare Security Consultation',
    '+1-617-555-0001',
    '+1-617-555-0005',
    '20 minutes',
    'Trade Show',
    'QID-2026-003',
    'Security Systems',
    'https://via.placeholder.com/200'
  )
ON CONFLICT (id) DO NOTHING;

-- ============================================================
-- 6. DEALS (with all new extended fields)
-- ============================================================
INSERT INTO deals (
  id, title, description, amount, stage, probability, expected_close_date,
  account_id, contact_id, owner_id, lead_source, status,
  sdp_no, sales_created_by_rm, lead_category, product_manager, expected_revenue,
  bandwidth_required, product_configuration, rental_duration, enter_product_details,
  product_name_and_part_number, specifications,
  show_subform, billing_delivery_date, description_of_product, payment, payment_terms,
  po_number_or_mail_confirmation, integration_requirement, brand, orc_amount,
  product_warranty, ship_by, special_instruction, third_party_delivery_address,
  billing_company, email_subject, additional_information, da, delivery_address,
  billing_street, billing_state, billing_country, billing_city, billing_zip_code
)
VALUES
  (
    'd1111111-1111-1111-1111-111111111111',
    'Acme Corp - Enterprise Cloud Infrastructure',
    'Complete cloud infrastructure setup for Acme Corporation including servers, storage, and networking',
    250000.00,
    'Proposal',
    75,
    '2026-03-31',
    'a1111111-1111-1111-1111-111111111111',
    'c1111111-1111-1111-1111-111111111111',
    '11111111-1111-1111-1111-111111111111',
    'Website',
    'active',
    'SDP-2026-001',
    '11111111-1111-1111-1111-111111111111',
    'Hot',
    'Michael Chen',
    275000.00,
    '10 Gbps dedicated fiber',
    'Multi-region active-active configuration with auto-failover',
    '36 months',
    'Enterprise cloud infrastructure with 99.99% uptime SLA',
    'Cloud Servers: CS-ENT-2000, Storage: ST-10TB-NVMe, Network: NW-10G-SW',
    'Server: 32 vCPU, 128GB RAM per instance. Storage: All-flash NVMe 10TB. Network: 10GbE switching',
    true,
    '2026-04-15',
    'Enterprise-grade cloud infrastructure with redundant power, networking, and storage',
    'Wire Transfer',
    'Net 30 from installation',
    'PO-ACME-2026-ENT-001',
    'Integration with existing Active Directory and monitoring systems',
    'Dell EMC / VMware',
    50000.00,
    '5 years comprehensive NBD replacement',
    'White Glove Installation',
    'Installation window: March 25-29, 2026. Require on-site engineer supervision.',
    NULL,
    'Acme Corporation - Finance Department',
    'RE: Enterprise Cloud Infrastructure Proposal - Q1 2026',
    'Customer has budget approved. Decision makers include CTO and CFO. Timeline critical for Q1 deployment.',
    'San Francisco - HQ',
    '123 Market Street, Suite 500, San Francisco, CA 94102',
    '123 Market Street, Suite 500',
    'California',
    'USA',
    'San Francisco',
    '94102'
  ),
  (
    'd2222222-2222-2222-2222-222222222222',
    'Global Manufacturing - IoT Sensor Network',
    'Industrial IoT sensor deployment across 5 manufacturing facilities',
    180000.00,
    'Negotiation',
    85,
    '2026-02-28',
    'a2222222-2222-2222-2222-222222222222',
    'c2222222-2222-2222-2222-222222222222',
    '22222222-2222-2222-2222-222222222222',
    'Referral',
    'active',
    'SDP-2026-002',
    '22222222-2222-2222-2222-222222222222',
    'Warm',
    'Sarah Johnson',
    195000.00,
    '1 Gbps fiber backbone',
    'Industrial IoT gateway with edge computing and cloud sync',
    '12 months rental with option to purchase',
    'Complete IoT sensor network for predictive maintenance and production monitoring',
    'IoT Gateway: IG-5000, Temperature Sensors: TS-200, Vibration Sensors: VS-300, Pressure Sensors: PS-400',
    '500 sensors total (200 temp, 200 vibration, 100 pressure), 5 gateways, cloud analytics platform',
    true,
    '2026-03-10',
    'Industrial-grade IoT sensors with gateway devices for real-time monitoring',
    'Monthly rental with buyout option',
    'Monthly rental: $15,000. Buyout after 12 months: $100,000',
    'Email confirmation - pending formal PO',
    'Integration with existing SCADA and ERP systems',
    'Siemens / Schneider Electric',
    30000.00,
    '3 years parts and labor, 24/7 support',
    'Factory Direct Installation',
    'Phased rollout: Zone 1-2 (Week 1), Zone 3-4 (Week 2), Zone 5 (Week 3). No production downtime.',
    NULL,
    'Global Manufacturing Ltd',
    'RE: IoT Sensor Network - Predictive Maintenance Project',
    'VP Operations very interested. Rental option preferred for cash flow. Need integration support.',
    'Chicago - All Facilities',
    '456 Industrial Parkway, Chicago, IL 60601 + 4 satellite facilities',
    '456 Industrial Parkway',
    'Illinois',
    'USA',
    'Chicago',
    '60601'
  ),
  (
    'd3333333-3333-3333-3333-333333333333',
    'Retail Innovations - Point of Sale System Upgrade',
    'POS system upgrade for 50 retail locations with cloud integration',
    125000.00,
    'Qualification',
    60,
    '2026-04-15',
    'a3333333-3333-3333-3333-333333333333',
    'c3333333-3333-3333-3333-333333333333',
    '33333333-3333-3333-3333-333333333333',
    'Trade Show',
    'active',
    'SDP-2026-003',
    '33333333-3333-3333-3333-333333333333',
    'Cold',
    'John Smith',
    140000.00,
    '500 Mbps per location',
    'Cloud-based POS with local backup and offline mode',
    'Purchase with 3-year support contract',
    'Modern touchscreen POS terminals with inventory management and payment integration',
    'POS Terminal: PT-300, Receipt Printer: RP-80, Barcode Scanner: BS-2D, Cash Drawer: CD-410',
    'All-in-one touchscreen (15" capacitive), thermal printer (80mm), 2D imager scanner, heavy-duty cash drawer',
    false,
    '2026-04-20',
    'Complete POS solution with hardware, software licenses, and installation services',
    'Credit Card / Financing',
    '50% deposit, 50% on completion. 36-month financing available.',
    'Awaiting budget approval',
    'Integration with existing inventory system and payment gateway',
    'Square / Shopify POS',
    15000.00,
    '2 years hardware replacement, lifetime software updates',
    'Scheduled Deployment',
    'Rolling deployment: 10 stores per week. Training provided on-site. Go-live support included.',
    NULL,
    'Retail Innovations Inc',
    'RE: POS System Upgrade Proposal - 50 Locations',
    'Decision pending budget committee approval (March 15). Strong interest from IT Director and CFO.',
    'Austin HQ - Distribution to 50 stores',
    '789 Tech Boulevard, Austin, TX 78701',
    '789 Tech Boulevard',
    'Texas',
    'USA',
    'Austin',
    '78701'
  )
ON CONFLICT (id) DO NOTHING;

-- ============================================================
-- 7. DEAL LINE ITEMS (Product Info for each deal)
-- ============================================================
INSERT INTO deal_line_items (
  id, deal_id, product_category, product_sub_category, part_number, description,
  quantity, pricing, total_price, warehouse, total_rental, rental_per_unit, sort_order
)
VALUES
  -- Deal 1: Acme Corp - Cloud Infrastructure
  ('dli11111-1111-1111-1111-111111111111', 'd1111111-1111-1111-1111-111111111111',
   'Servers', 'Cloud Compute', 'CS-ENT-2000',
   'Enterprise Cloud Server - 32 vCPU, 128GB RAM, 2TB NVMe',
   10, 15000.00, 150000.00, 'US-West-1', NULL, NULL, 1),

  ('dli11112-1111-1111-1111-111111111111', 'd1111111-1111-1111-1111-111111111111',
   'Storage', 'NVMe Storage', 'ST-10TB-NVMe',
   'All-Flash NVMe Storage Array - 10TB',
   5, 8000.00, 40000.00, 'US-West-1', NULL, NULL, 2),

  ('dli11113-1111-1111-1111-111111111111', 'd1111111-1111-1111-1111-111111111111',
   'Networking', 'Switches', 'NW-10G-SW',
   '10GbE Network Switch - 48 port managed',
   4, 5000.00, 20000.00, 'US-West-1', NULL, NULL, 3),

  ('dli11114-1111-1111-1111-111111111111', 'd1111111-1111-1111-1111-111111111111',
   'Services', 'Installation', 'SVC-INSTALL-ENT',
   'Enterprise Installation and Configuration Service',
   1, 40000.00, 40000.00, 'Professional Services', NULL, NULL, 4),

  -- Deal 2: Global Manufacturing - IoT Sensors
  ('dli22221-2222-2222-2222-222222222222', 'd2222222-2222-2222-2222-222222222222',
   'IoT Devices', 'Gateways', 'IG-5000',
   'Industrial IoT Gateway - Edge Computing Enabled',
   5, 8000.00, 40000.00, 'US-Central', 60000.00, 1000.00, 1),

  ('dli22222-2222-2222-2222-222222222222', 'd2222222-2222-2222-2222-222222222222',
   'IoT Devices', 'Temperature Sensors', 'TS-200',
   'Industrial Temperature Sensor - Range -40°C to 125°C',
   200, 150.00, 30000.00, 'US-Central', 24000.00, 10.00, 2),

  ('dli22223-2222-2222-2222-222222222222', 'd2222222-2222-2222-2222-222222222222',
   'IoT Devices', 'Vibration Sensors', 'VS-300',
   'Vibration Sensor - Predictive Maintenance Grade',
   200, 250.00, 50000.00, 'US-Central', 30000.00, 12.50, 3),

  ('dli22224-2222-2222-2222-222222222222', 'd2222222-2222-2222-2222-222222222222',
   'IoT Devices', 'Pressure Sensors', 'PS-400',
   'Industrial Pressure Sensor - 0-1000 PSI',
   100, 300.00, 30000.00, 'US-Central', 18000.00, 15.00, 4),

  ('dli22225-2222-2222-2222-222222222222', 'd2222222-2222-2222-2222-222222222222',
   'Software', 'Analytics Platform', 'SW-IOT-CLOUD',
   'IoT Cloud Analytics Platform - 12 month subscription',
   1, 30000.00, 30000.00, 'Cloud Service', NULL, NULL, 5),

  -- Deal 3: Retail Innovations - POS Systems
  ('dli33331-3333-3333-3333-333333333333', 'd3333333-3333-3333-3333-333333333333',
   'POS Hardware', 'Terminals', 'PT-300',
   'POS Terminal - 15" Touchscreen All-in-One',
   50, 1200.00, 60000.00, 'US-South', NULL, NULL, 1),

  ('dli33332-3333-3333-3333-333333333333', 'd3333333-3333-3333-3333-333333333333',
   'POS Hardware', 'Printers', 'RP-80',
   'Receipt Printer - 80mm Thermal',
   50, 200.00, 10000.00, 'US-South', NULL, NULL, 2),

  ('dli33333-3333-3333-3333-333333333333', 'd3333333-3333-3333-3333-333333333333',
   'POS Hardware', 'Scanners', 'BS-2D',
   'Barcode Scanner - 2D Imager',
   50, 150.00, 7500.00, 'US-South', NULL, NULL, 3),

  ('dli33334-3333-3333-3333-333333333333', 'd3333333-3333-3333-3333-333333333333',
   'POS Hardware', 'Cash Drawers', 'CD-410',
   'Cash Drawer - 4 Bill / 10 Coin',
   50, 100.00, 5000.00, 'US-South', NULL, NULL, 4),

  ('dli33335-3333-3333-3333-333333333333', 'd3333333-3333-3333-3333-333333333333',
   'Software', 'POS License', 'SW-POS-CLOUD',
   'Cloud POS Software License - 3 year',
   50, 300.00, 15000.00, 'Cloud Service', NULL, NULL, 5),

  ('dli33336-3333-3333-3333-333333333333', 'd3333333-3333-3333-3333-333333333333',
   'Services', 'Installation', 'SVC-INSTALL-POS',
   'POS Installation and Training - Per Location',
   50, 300.00, 15000.00, 'Professional Services', NULL, NULL, 6),

  ('dli33337-3333-3333-3333-333333333333', 'd3333333-3333-3333-3333-333333333333',
   'Services', 'Support', 'SVC-SUPPORT-3YR',
   'POS Support Contract - 3 Year',
   50, 250.00, 12500.00, 'Professional Services', NULL, NULL, 7)
ON CONFLICT (id) DO NOTHING;

-- ============================================================
-- 8. TASKS
-- ============================================================
INSERT INTO tasks (
  id, title, description, due_date, priority, status, assigned_to, related_to_type, related_to_id
)
VALUES
  ('t1111111-1111-1111-1111-111111111111', 'Follow up on Acme Corp proposal',
   'Send proposal follow-up email and schedule demo', '2026-02-15', 'High', 'pending',
   '11111111-1111-1111-1111-111111111111', 'deal', 'd1111111-1111-1111-1111-111111111111'),

  ('t2222222-2222-2222-2222-222222222222', 'Schedule IoT Gateway demo',
   'Arrange on-site demonstration of IoT gateway at customer facility', '2026-02-12', 'High', 'in_progress',
   '22222222-2222-2222-2222-222222222222', 'deal', 'd2222222-2222-2222-2222-222222222222'),

  ('t3333333-3333-3333-3333-333333333333', 'Prepare POS system proposal',
   'Create detailed proposal with ROI analysis for retail client', '2026-02-20', 'Medium', 'pending',
   '33333333-3333-3333-3333-333333333333', 'deal', 'd3333333-3333-3333-3333-333333333333'),

  ('t4444444-4444-4444-4444-444444444444', 'Qualify Future Tech Systems lead',
   'Discovery call to understand requirements and budget', '2026-02-16', 'High', 'pending',
   '11111111-1111-1111-1111-111111111111', 'lead', 'l1111111-1111-1111-1111-111111111111')
ON CONFLICT (id) DO NOTHING;

-- ============================================================
-- 9. CALENDAR EVENTS
-- ============================================================
INSERT INTO calendar_events (
  id, title, description, event_start, event_end, location, event_type, assigned_to, related_to_type, related_to_id
)
VALUES
  ('e1111111-1111-1111-1111-111111111111', 'Acme Corp - Technical Demo',
   'Product demonstration of cloud infrastructure solution',
   '2026-02-18 14:00:00', '2026-02-18 16:00:00', 'Acme Corp HQ - San Francisco',
   'meeting', '11111111-1111-1111-1111-111111111111', 'deal', 'd1111111-1111-1111-1111-111111111111'),

  ('e2222222-2222-2222-2222-222222222222', 'Global Manufacturing - Site Visit',
   'On-site assessment of IoT sensor deployment locations',
   '2026-02-14 09:00:00', '2026-02-14 17:00:00', 'Global Manufacturing - Chicago Plant',
   'meeting', '22222222-2222-2222-2222-222222222222', 'deal', 'd2222222-2222-2222-2222-222222222222'),

  ('e3333333-3333-3333-3333-333333333333', 'Retail Innovations - Budget Review Meeting',
   'Meeting with CFO and IT Director to review POS proposal',
   '2026-03-15 10:00:00', '2026-03-15 11:30:00', 'Virtual - Zoom',
   'meeting', '33333333-3333-3333-3333-333333333333', 'deal', 'd3333333-3333-3333-3333-333333333333')
ON CONFLICT (id) DO NOTHING;

-- ============================================================
-- 10. EMAILS
-- ============================================================
INSERT INTO emails (
  id, subject, body, email_from, email_to, cc, bcc, sent_date, email_type, status, related_to_type, related_to_id
)
VALUES
  ('em111111-1111-1111-1111-111111111111',
   'RE: Enterprise Cloud Infrastructure Proposal',
   'Hi Robert, Thank you for the opportunity to present our enterprise cloud solution. Attached is the comprehensive proposal including technical specifications, pricing, and implementation timeline. Looking forward to discussing this further in our upcoming demo.',
   'john.smith@comprint.com', 'robert.williams@acmecorp.com', NULL, NULL,
   '2026-02-10 09:30:00', 'outbound', 'sent', 'deal', 'd1111111-1111-1111-1111-111111111111'),

  ('em222222-2222-2222-2222-222222222222',
   'IoT Sensor Network - Site Survey Confirmation',
   'Hi Jennifer, Confirming our site visit on February 14th for the IoT sensor deployment assessment. We will evaluate all 5 manufacturing zones and provide recommendations. Please arrange access to facilities.',
   'sarah.johnson@comprint.com', 'jennifer.davis@globalmanuf.com', NULL, NULL,
   '2026-02-11 14:00:00', 'outbound', 'sent', 'deal', 'd2222222-2222-2222-2222-222222222222'),

  ('em333333-3333-3333-3333-333333333333',
   'POS System Upgrade - ROI Analysis',
   'Hi David, As requested, I have prepared a detailed ROI analysis for the POS system upgrade across your 50 locations. The analysis shows a 24-month payback period with significant operational efficiency gains. Let me know if you need any clarification.',
   'michael.chen@comprint.com', 'david.martinez@retailinnov.com', NULL, NULL,
   '2026-02-12 11:00:00', 'outbound', 'sent', 'deal', 'd3333333-3333-3333-3333-333333333333')
ON CONFLICT (id) DO NOTHING;

-- ============================================================
-- SUCCESS MESSAGE
-- ============================================================
DO $$
BEGIN
  RAISE NOTICE 'Sample data inserted successfully!';
  RAISE NOTICE 'Created:';
  RAISE NOTICE '  - 3 Users (Sales Reps)';
  RAISE NOTICE '  - 2 Partners';
  RAISE NOTICE '  - 3 Accounts (with all extended fields)';
  RAISE NOTICE '  - 3 Contacts (with all extended fields)';
  RAISE NOTICE '  - 3 Leads (with all 46 extended fields)';
  RAISE NOTICE '  - 3 Deals (with all 35 new fields)';
  RAISE NOTICE '  - 18 Deal Line Items (Product Info)';
  RAISE NOTICE '  - 4 Tasks';
  RAISE NOTICE '  - 3 Calendar Events';
  RAISE NOTICE '  - 3 Emails';
END $$;
